Model,Accuracy,AUC,Precision,Recall,F1,MCC
Logistic Regression,0.9915254237288136,0.999838739017783,0.9976635514018691,0.9510022271714922,0.9737742303306728,0.9691190774636078
Random Forest,0.9922623434045689,0.9995113005599886,1.0,0.9532293986636972,0.976054732041049,0.9718398521109528
XGBoost,0.9970523212969786,0.999376588641917,1.0,0.9821826280623608,0.9910112359550561,0.9893056959482971
Decision Tree,0.9882092851879145,0.981329124815017,0.9582417582417583,0.9710467706013363,0.9646017699115044,0.9575591197064669
Naive Bayes,0.9609432571849669,0.9649635933666671,0.9341772151898734,0.821826280623608,0.8744075829383886,0.8538459350842165
KNN,0.8802505526897568,0.7985958494963054,0.8563218390804598,0.33184855233853006,0.478330658105939,0.4866481488631681
